I,Hate,Donald,Trump,negative,,,,,,,,,,,,,,,,,,,,,,
I,Love,Donald,Trump,positive,,,,,,,,,,,,,,,,,,,,,,
@realDonaldTrump,"Grab,em,by,the,pussy",as,trump,says.,neutral,,,,,,,,,,,,,,,,,,,,,
//,,,,,,,,,,,,,,,,,,,,,,,,,,
In,a,challenge,to,|Trump,|,U.S.,intelligence,targets,Russia,negative,,,,,,,,,,,,,,,,
//,,,,,,,,,,,,,,,,,,,,,,,,,,
Did,he,ask,if,he,could,do,his,SOTU,in,Pyongyang?,neutral,,,,,,,,,,,,,,,
//,,,,,,,,,,,,,,,,,,,,,,,,,,
We,need,to,stop,lying,to,kids,about,Donald,Trump,neutral,,,,,,,,,,,,,,,,
//,,,,,,,,,,,,,,,,,,,,,,,,,,
Escort,who,claimed,Trump,secrets,'committed,no,crimes':,lawyer,positive,,,,,,,,,,,,,,,,,
//,,,,,,,,,,,,,,,,,,,,,,,,,,
@jguaido,|Venezolano????,neutral,,,,,,,,,,,,,,,,,,,,,,,,
Pues|,a,pagarle,el,muro,a,Trump,neutral,,,,,,,,,,,,,,,,,,,
//,,,,,,,,,,,,,,,,,,,,,,,,,,
Laugh,my,ass,off.,Thanks,leeleeb50,neutral,,,,,,,,,,,,,,,,,,,,
//,,,,,,,,,,,,,,,,,,,,,,,,,,
Pelosi,|1,neutral,,,,,,,,,,,,,,,,,,,,,,,,
Trump|,0,neutral,,,,,,,,,,,,,,,,,,,,,,,,
//,,,,,,,,,,,,,,,,,,,,,,,,,,
It,only,shows,how,ignorant,and,one,sided,the,media,is,nowadays!!,Incredible...,neutral,,,,,,,,,,,,,
//,,,,,,,,,,,,,,,,,,,,,,,,,,
https://t.co/kxkrEhhATi,For,the,non-believers,neutral,,,,,,,,,,,,,,,,,,,,,,
//,,,,,,,,,,,,,,,,,,,,,,,,,,
Southern,border?,Campaign,arena?,Pick,an,alternative,venue,for,Trump's,State,of,the,Union,via,https://t.co/oorZ8KDTlM,neutral,,,,,,,,,,
//,,,,,,,,,,,,,,,,,,,,,,,,,,
US,shutdown:,Trump,delays,State,of,the,Union,address,negative,,,,,,,,,,,,,,,,,
//,,,,,,,,,,,,,,,,,,,,,,,,,,
Trump,Recognizes,New,Leader,for,Venezuela,in,Effort,to,Oust,'Illegitimate',Dictator,Maduro,positive,,,,,,,,,,,,,
//,,,,,,,,,,,,,,,,,,,,,,,,,,
Report:,Donald,Trump,Meeting,Covington,Catholic,Students,At,The,White,House,positive,,,,,,,,,,,,,,,
//,,,,,,,,,,,,,,,,,,,,,,,,,,
@realDonaldTrump,I,will,not,be,kind,to,Trump,you,mean.,negative,,,,,,,,,,,,,,,,
//,,,,,,,,,,,,,,,,,,,,,,,,,,
New,book,paints,Kellyanne,Conway,as,White,House,|leaker,neutral,,,,,,,,,,,,,,,,,
//,,,,,,,,,,,,,,,,,,,,,,,,,,
https://t.co/eOiwte5jkf|,neutral,,,,,,,,,,,,,,,,,,,,,,,,,
//,,,,,,,,,,,,,,,,,,,,,,,,,,
I,liked,a,https://t.co/CuCI5k2jNt,'You,ARE,Talking,About,HIM,Like,a,KING!':,Panel,CLOBBERS,Trump's,Useful,Clown,Steve,negative,,,,,,,,
//,,,,,,,,,,,,,,,,,,,,,,,,,,
If,this,was,TRUE,he,would,not,be,posting,it,here.,,How,stupid.,negative,,,,,,,,,,,,
//,,,,,,,,,,,,,,,,,,,,,,,,,,
Trump,in,a,box,negative,,,,,,,,,,,,,,,,,,,,,,
//,,,,,,,,,,,,,,,,,,,,,,,,,,
@realDonaldTrump,Alexa:,Removibg,Trump,from,office,and,sending,him,your,two,chocolate,donuts.,negative,,,,,,,,,,,,,
//,,,,,,,,,,,,,,,,,,,,,,,,,,
https://t.co/ttmQMVWwAH,neutral,,,,,,,,,,,,,,,,,,,,,,,,,
//,,,,,,,,,,,,,,,,,,,,,,,,,,
Nancy,Pelosi,attemps,getaway,to,Europe-Plot,revealed*Trump/Pence,Assassi...,@YouTube,neutral,,,,,,,,,,,,,,,,,
//,,,,,,,,,,,,,,,,,,,,,,,,,,
Since,is,trending......,neutral,,,,,,,,,,,,,,,,,,,,,,,
//,,,,,,,,,,,,,,,,,,,,,,,,,,
Die,Linke/SED,bleibt,sich,treu.,Immer,treu,an,der,Seite,sozialistischer,Diktaturen.,neutral,,,,,,,,,,,,,,
//,,,,,,,,,,,,,,,,,,,,,,,,,,
Kasperle,hat,Auftrittsverbot,bekommen,neutral,,,,,,,,,,,,,,,,,,,,,,
//,,,,,,,,,,,,,,,,,,,,,,,,,,
The,regime,change,will,not,be,televised,because,it's,neoliberal,negative,,,,,,,,,,,,,,,,
//,,,,,,,,,,,,,,,,,,,,,,,,,,
North,Korea's,Kim,'believes,in',Trump,ahead,of,second,Trump,summit:,KCNA,positive,,,,,,,,,,,,,,
//,,,,,,,,,,,,,,,,,,,,,,,,,,
Can,trump,push,to,build,a,wall,around,his,racist,base?,negative,,,,,,,,,,,,,,,
//,,,,,,,,,,,,,,,,,,,,,,,,,,
LUV,the,new,column!,And,|yeah,|,Trump,ain't,winning,in,2020,at,this,point,negative,,,,,,,,,,,
//,,,,,,,,,,,,,,,,,,,,,,,,,,
The,latest,The,alternative-news,Daily!,Thanks,#trump,#occupy,neutral,,,,,,,,,,,,,,,,,,
//,,,,,,,,,,,,,,,,,,,,,,,,,,
The,truth,is,|Trump,|,you,and,your,whole,sleazy,family,are,scumbags.,negative,,,,,,,,,,,,,
//,,,,,,,,,,,,,,,,,,,,,,,,,,
Didn't,look,like,his,family,was,with,him,while,he,was,off,playing,Mr,Dressup,as,Trump,on,the,ski,trip!,neutral,,,,,
//,,,,,,,,,,,,,,,,,,,,,,,,,,
"CEOs,Sour,on,Trump,|Policies,|,Warn,They,Hurt,|Business,|,Investment",by,REUTERS,via,NYT,neutral,,,,,,,,,,,,,,,,,,,,,
//,,,,,,,,,,,,,,,,,,,,,,,,,,
I,hate,tRump,and,his,vile,horde...Jail,to,the,Chief!,negative,,,,,,,,,,,,,,,,
//,,,,,,,,,,,,,,,,,,,,,,,,,,
Analysis:,Trump,is,more,willing,to,play,ball,than,Pelosi,positive,,,,,,,,,,,,,,,,
//,,,,,,,,,,,,,,,,,,,,,,,,,,
they,look,like,sexy,trump,supporters,we,neutral,,,,,,,,,,,,,,,,,,,
//,,,,,,,,,,,,,,,,,,,,,,,,,,
Twitter,has,been,pestering,me,via,email,to,re,activate,my,account.,That's,fine.,I,like,seeing,what,Donald,Trump,has,to,say,anyways.,positive,,
//,,,,,,,,,,,,,,,,,,,,,,,,,,
I,wonder,what,the,penalty,for,sedition,is.,neutral,,,,,,,,,,,,,,,,,,
//,,,,,,,,,,,,,,,,,,,,,,,,,,
says,he,won't,#StateOfTheUnion,until,#shutdown,|over,neutral,,,,,,,,,,,,,,,,,,,
Full|,Story:,https://t.co/PJbxp8ukn5,https://t.co/s2IsAEhNgH,,neutral,,,,,,,,,,,,,,,,,,,,,
//,,,,,,,,,,,,,,,,,,,,,,,,,,
There's,a,word,for,Lara,tRump*...,neutral,,,,,,,,,,,,,,,,,,,,
//,,,,,,,,,,,,,,,,,,,,,,,,,,
Trump,should,use,our,military,as,border,patrol,and,build,camps,there,along,the,borders,in,Mexico,that,would,solve,border,patrol,positive,,,,
//,,,,,,,,,,,,,,,,,,,,,,,,,,
Trump,wird,Rede,erst,nach,Shutdown,halten,neutral,,,,,,,,,,,,,,,,,,,
//,,,,,,,,,,,,,,,,,,,,,,,,,,
//,,,,,,,,,,,,,,,,,,,,,,,,,,
//,,,,,,,,,,,,,,,,,,,,,,,,,,
@realDonaldTrump,Trump,is,playing,with,a,ball,of,yarn.,neutral,,,,,,,,,,,,,,,,,
//,,,,,,,,,,,,,,,,,,,,,,,,,,
Trump's,play,is,a,dry,run,for,declaring,himself,Dictator,of,the,US,of,A,and,suspending,the,#Venezuela,negative,,,,,,,
//,,,,,,,,,,,,,,,,,,,,,,,,,,
Amazing,thread,neutral,,,,,,,,,,,,,,,,,,,,,,,,
//,,,,,,,,,,,,,,,,,,,,,,,,,,
|Trump,|,GOP,embrace,amid,political,fallout,from,|shutdown,positive,,,,,,,,,,,,,,,,,
//,,,,,,,,,,,,,,,,,,,,,,,,,,
https://t.co/l7koaqEowP|,neutral,,,,,,,,,,,,,,,,,,,,,,,,,
//,,,,,,,,,,,,,,,,,,,,,,,,,,
Trump,did,not,support,the,|bill,|,so,it,was,DOA,neutral,,,,,,,,,,,,,,,
//,,,,,,,,,,,,,,,,,,,,,,,,,,
AP-NORC,poll:,6,in,10,Americans,blame,Trump,for,shutdown,(from,https://t.co/DMbfMVI5FA,,negative,,,,,,,,,,,,,
//,,,,,,,,,,,,,,,,,,,,,,,,,,
Pelosi,claims,win,over,Trump,in,State,of,the,Union,|showdown,negative,,,,,,,,,,,,,,,
//,,,,,,,,,,,,,,,,,,,,,,,,,,
https://t.co/xlfdnlCEbV|,neutral,,,,,,,,,,,,,,,,,,,,,,,,,
//,,,,,,,,,,,,,,,,,,,,,,,,,,
@realDonaldTrump,Oh,really?,No,one,cares,about,a,wall,but,trump,negative,,,,,,,,,,,,,,,
//,,,,,,,,,,,,,,,,,,,,,,,,,,
Ich,mag,das,https://t.co/mBXf5wEyHB,Cohen,and,Giuliani,Cause,Problems,for,Trump:,A,Closer,Look,neutral,,,,,,,,,,,,
//,,,,,,,,,,,,,,,,,,,,,,,,,,
WHAT?!,neutral,,,,,,,,,,,,,,,,,,,,,,,,,
//,,,,,,,,,,,,,,,,,,,,,,,,,,
Trump,waves,the,white,flag,and,surrenders,to,Nancy,Pelosi,on,State,of,the,Union,negative,,,,,,,,,,,
//,,,,,,,,,,,,,,,,,,,,,,,,,,
//,,,,,,,,,,,,,,,,,,,,,,,,,,
//,,,,,,,,,,,,,,,,,,,,,,,,,,
Trump,sends,letter,to,Pelosi,pledging,to,go,ahead,with,State,of,the,Union,address,#FoxNews,neutral,,,,,,,,,,
//,,,,,,,,,,,,,,,,,,,,,,,,,,
Go,get,|'em,|,|Terrence!,neutral,,,,,,,,,,,,,,,,,,,,,
#MAGA|,#WalkAwayFromDemocratSocialists,neutral,,,,,,,,,,,,,,,,,,,,,,,,
//,,,,,,,,,,,,,,,,,,,,,,,,,,
Eres,un,lambe,bolas...vete,a,Venezuela...,neutral,,,,,,,,,,,,,,,,,,,,
//,,,,,,,,,,,,,,,,,,,,,,,,,,
donald,trump,https://t.co/5oB9kOIQub,neutral,,,,,,,,,,,,,,,,,,,,,,,
//,,,,,,,,,,,,,,,,,,,,,,,,,,
@beachtimeagain,Eenie,meenie,miney,mo,TRUMP,can,speak,behind,a,Prison,Wall.,negative,,,,,,,,,,,,,,
//,,,,,,,,,,,,,,,,,,,,,,,,,,
@BJeppson,@NBCNews,I,hate,Trump,|too,|,but,that's,not,how,it,works.,negative,,,,,,,,,,,,,
//,,,,,,,,,,,,,,,,,,,,,,,,,,
State,of,the,Union,saga,concludes,with,Trump,agreeing,to,initial,Pelosi,request,to,delay,neutral,,,,,,,,,,,
//,,,,,,,,,,,,,,,,,,,,,,,,,,
Donald,Trump,se,carga,a,|Maduro,neutral,,,,,,,,,,,,,,,,,,,,
https://t.co/oObYyJ1HT9|,neutral,,,,,,,,,,,,,,,,,,,,,,,,,
//,,,,,,,,,,,,,,,,,,,,,,,,,,
President,Trump,neutral,,,,,,,,,,,,,,,,,,,,,,,,
//,,,,,,,,,,,,,,,,,,,,,,,,,,
Jesus,christ.,Let,us,pray,she,doesn't,breed,positive,,,,,,,,,,,,,,,,,,
//,,,,,,,,,,,,,,,,,,,,,,,,,,
Shame,on,you,President,Trump.,I,thought,you,were,better,than,this.,negative,,,,,,,,,,,,,,
//,,,,,,,,,,,,,,,,,,,,,,,,,,
I,liked,a,https://t.co/xds3HBzfok,Student,tries,to,Criticize,President,Trump,|,|,Dinesh,D'Souza's,response,is,priceless,neutral,,,,,,,,,
//,,,,,,,,,,,,,,,,,,,,,,,,,,
putin,says,he,attack,usa,ships,if,trump,does,out,law,on,venezuela,neutral,,,,,,,,,,,,,
//,,,,,,,,,,,,,,,,,,,,,,,,,,
@timmak,President,Trump,was,speaking,as,he,does,and,clearly,no,threat,neutral,,,,,,,,,,,,,,
//,,,,,,,,,,,,,,,,,,,,,,,,,,
Ex-Trump,Staffer,Says,Kellyanne,Conway,Is,the,White,House's,Leaky,Cruella,de,|Vil,neutral,,,,,,,,,,,,,
//,,,,,,,,,,,,,,,,,,,,,,,,,,
https://t.co/z0lKRjKYL2|,neutral,,,,,,,,,,,,,,,,,,,,,,,,,
//,,,,,,,,,,,,,,,,,,,,,,,,,,
Ahi,lo,tenes,al,pelotudo,neutral,,,,,,,,,,,,,,,,,,,,,
//,,,,,,,,,,,,,,,,,,,,,,,,,,
@StandardKenya,When,Obama,finished,his,term,he,|retired,|,Trump,came,|in,|,what's,wrong,with,some,people?,positive,,,,,,,,
//,,,,,,,,,,,,,,,,,,,,,,,,,,
I,added,a,video,to,a,https://t.co/xds3HBQQfS,Student,tries,to,Criticize,President,Trump,|,|,Dinesh,D'Souza's,response,neutral,,,,,,,,
//,,,,,,,,,,,,,,,,,,,,,,,,,,
Well,said.,positive,,,,,,,,,,,,,,,,,,,,,,,,
//,,,,,,,,,,,,,,,,,,,,,,,,,,
I,wonder,if,they,will,eventually,give,in,to,Trump,neutral,,,,,,,,,,,,,,,,
//,,,,,,,,,,,,,,,,,,,,,,,,,,
Support,for,Trump's,impeachment,is,higher,than,his,approval,|rating,|,new,poll,shows,negative,,,,,,,,,,,,
//,,,,,,,,,,,,,,,,,,,,,,,,,,
Being,made,to,work,with,|pay,|,cruel,and,|barbaric,|,sound's,like,|slavery,|,think,Trump,gives,A,rats,behind?,negative,,,,,
//,,,,,,,,,,,,,,,,,,,,,,,,,,
President,Trump,Postpones,State,of,the,Union;,Will,Address,Congress,After,Shutdown,Ends,@gatewaypundit,neutral,,,,,,,,,,,,
//,,,,,,,,,,,,,,,,,,,,,,,,,,
Its,all,propaganda!,neutral,,,,,,,,,,,,,,,,,,,,,,,
//,,,,,,,,,,,,,,,,,,,,,,,,,,
I,blame,trump,negative,,,,,,,,,,,,,,,,,,,,,,,
//,,,,,,,,,,,,,,,,,,,,,,,,,,
//,,,,,,,,,,,,,,,,,,,,,,,,,,
//,,,,,,,,,,,,,,,,,,,,,,,,,,
Seth,Meyers:,Trump's,State,of,the,Union,|Address,|,National,Hot,Sauce,Day,-,Monologue,@YouTube,neutral,,,,,,,,,,
//,,,,,,,,,,,,,,,,,,,,,,,,,,
Who,the,FU*K,is,Lara,Trump?!?,OMG!!,Another,https://t.co/NcHPJXHfBl,neutral,,,,,,,,,,,,,,,,,
//,,,,,,,,,,,,,,,,,,,,,,,,,,
Trump,admin,planning,for,even,longer,shutdown,neutral,,,,,,,,,,,,,,,,,,,
//,,,,,,,,,,,,,,,,,,,,,,,,,,
Trump,da,bizi,gorecek,mi,?,neutral,,,,,,,,,,,,,,,,,,,,
//,,,,,,,,,,,,,,,,,,,,,,,,,,
#discoverunsigned,#RightRoyalFamily,#revolt,neutral,,,,,,,,,,,,,,,,,,,,,,,
//,,,,,,,,,,,,,,,,,,,,,,,,,,
//,,,,,,,,,,,,,,,,,,,,,,,,,,
//,,,,,,,,,,,,,,,,,,,,,,,,,,
i,don't,remember,taking,a,poll.,liars.,neutral,,,,,,,,,,,,,,,,,,,
//,,,,,,,,,,,,,,,,,,,,,,,,,,
@realDonaldTrump,Trump,owns,is,traitor!,negative,,,,,,,,,,,,,,,,,,,,,
//,,,,,,,,,,,,,,,,,,,,,,,,,,
What,Not,A,Illegal,Mexicans..But,Born,And,Bread,White,Boy,?,Who,The,Hell,Would,Have,Thought,That,?,Trump,is,Right,Again,?,positive,,
//,,,,,,,,,,,,,,,,,,,,,,,,,,
@realDonaldTrump,#2020youarefired,tour.,,trump,wont,even,be,close.,negative,,,,,,,,,,,,,,,,,
//,,,,,,,,,,,,,,,,,,,,,,,,,,
GOP,allies,|Graham,|,McCarthy,defend,Trump,against,Pelosi,in,battle,over,State,of,the,Union,address,positive,,,,,,,,,
//,,,,,,,,,,,,,,,,,,,,,,,,,,
"Second-Round,Stakes,Higher,for,Trump,and,Kim",#feedly,neutral,,,,,,,,,,,,,,,,,,,,,,,,
//,,,,,,,,,,,,,,,,,,,,,,,,,,
@thierrybaudet,|Ja,|,helaas:,blindheid,van,de,eigen,aanhang.,Zie,ook,D.,Trump.,neutral,,,,,,,,,,,,,
//,,,,,,,,,,,,,,,,,,,,,,,,,,
Venezuela,Broke,Diplomatic,Ties,With,U.S.,After,Trump,Recognised,Opp,Leader,As,Acting,President,@southfronteng,neutral,,,,,,,,,,,
//,,,,,,,,,,,,,,,,,,,,,,,,,,
Newt,Gingrich:,Media,attacks,on,Trump,worst,since,Lincoln,positive,,,,,,,,,,,,,,,,,
//,,,,,,,,,,,,,,,,,,,,,,,,,,
Breaking:,President,Trump,Recognizes,New,Leader,In,Venezuela...Denounces,Maduro,[Video],@100percFEDUP,neutral,,,,,,,,,,,,,,,
//,,,,,,,,,,,,,,,,,,,,,,,,,,
Seth,Meyers:,The,Tiny,Voice,in,the,Back,of,Donald,Trump's,Head:,You,Have,the,Most,Bea...,@YouTube,neutral,,,,,,,,
//,,,,,,,,,,,,,,,,,,,,,,,,,,
Trump's,remarks,could,stymie,US,extradition,of,Huawei,CFO,from,Canada,neutral,,,,,,,,,,,,,,,
//,,,,,,,,,,,,,,,,,,,,,,,,,,
@realDonaldTrump,@FogCityMidge,This,the,fault,of,the,msm,putting,fake,news,out,about,trump,supporters,positive,,,,,,,,,,,
//,,,,,,,,,,,,,,,,,,,,,,,,,,
//,,,,,,,,,,,,,,,,,,,,,,,,,,
//,,,,,,,,,,,,,,,,,,,,,,,,,,
1950z,gop,would,have,executed,trump,for,conspiring,with,Russia.,negative,,,,,,,,,,,,,,,,
//,,,,,,,,,,,,,,,,,,,,,,,,,,
@TheDemocrats,Trump's,match,https://t.co/EU5A1F5SCg,neutral,,,,,,,,,,,,,,,,,,,,,,
//,,,,,,,,,,,,,,,,,,,,,,,,,,
She,is,also,a,jabroni!,neutral,,,,,,,,,,,,,,,,,,,,,
//,,,,,,,,,,,,,,,,,,,,,,,,,,
Donald,Trump,has,deranged,late,night,meltdown,@PalmerReport,,negative,,,,,,,,,,,,,,,,,
//,,,,,,,,,,,,,,,,,,,,,,,,,,
Lara,trump,is,wrong.,Maybe,she,should,speak,to,someone,who,is,currently,going,without,a,paycheck,neutral,,,,,,,,,
//,,,,,,,,,,,,,,,,,,,,,,,,,,
|,neutral,,,,,,,,,,,,,,,,,,,,,,,,,
#LaCafeteraVenEzUela|,|,neutral,,,,,,,,,,,,,,,,,,,,,,,,
#AbogadosDeAtocha|,|,neutral,,,,,,,,,,,,,,,,,,,,,,,,
Hoy|,|24,neutral,,,,,,,,,,,,,,,,,,,,,,,,
//,,,,,,,,,,,,,,,,,,,,,,,,,,
https://t.co/gVt9l3b4Gy|,neutral,,,,,,,,,,,,,,,,,,,,,,,,,
//,,,,,,,,,,,,,,,,,,,,,,,,,,
Absolutely,pointless,but,has,these,sorts,of,stories,in,abundance,these,days!,neutral,,,,,,,,,,,,,,
//,,,,,,,,,,,,,,,,,,,,,,,,,,
Resisti,!!!,,#trump,#usa,neutral,,,,,,,,,,,,,,,,,,,,,
//,,,,,,,,,,,,,,,,,,,,,,,,,,
@MSignorile,EVIL!!.........Thank,God,for,Trump!!.......Please,https://t.co/CrTjsGWXAX,neutral,,,,,,,,,,,,,,,,,,,,
//,,,,,,,,,,,,,,,,,,,,,,,,,,
//,,,,,,,,,,,,,,,,,,,,,,,,,,
//,,,,,,,,,,,,,,,,,,,,,,,,,,
MSNBC,1:21am,TRUMP:,I,WILL,DO,THE,STATE,OF,THE,UNION.,ADDRESS,WHEN,THE,SHUTDOWN,IS,OVER,neutral,,,,,,,,,
//,,,,,,,,,,,,,,,,,,,,,,,,,,
If,the,government,is,down,for,30,days,President,Trump,can,terminate,whoever,he,wants,to,of,the,government,neutral,,,,,,,
//,,,,,,,,,,,,,,,,,,,,,,,,,,
Guaido,si,dichiara,presidente,pro,tempore,del,Venezuela.,Con,il,sostegno,di,Trump,neutral,,,,,,,,,,,,,
//,,,,,,,,,,,,,,,,,,,,,,,,,,
Pelosi,shut,down,floor,early,neutral,,,,,,,,,,,,,,,,,,,,,
//,,,,,,,,,,,,,,,,,,,,,,,,,,
Y,a,ti,lo,que,te,interesa,es,el,cheque...chulo,neutral,,,,,,,,,,,,,,,,
//,,,,,,,,,,,,,,,,,,,,,,,,,,
.,neutral,,,,,,,,,,,,,,,,,,,,,,,,,
//,,,,,,,,,,,,,,,,,,,,,,,,,,
Presidente,por,sus,huevos,toreros.,Ah,y,por,los,de,trump,neutral,,,,,,,,,,,,,,,
//,,,,,,,,,,,,,,,,,,,,,,,,,,
Trump,is,no,match,for,Pelosi,negative,,,,,,,,,,,,,,,,,,,,
//,,,,,,,,,,,,,,,,,,,,,,,,,,
Trump,would,lose,a,game,of,I,Spy,against,Stevie,Wonder.,negative,,,,,,,,,,,,,,,
//,,,,,,,,,,,,,,,,,,,,,,,,,,
Playing,him,like,a,violin.,neutral,,,,,,,,,,,,,,,,,,,,,
//,,,,,,,,,,,,,,,,,,,,,,,,,,
@POTUS,Are,you,kidding,Trump,just,ruined,her,plan,to,call,him,petty,or,that,he,was,throwing,a,tantrum.,positive,,,,,,
//,,,,,,,,,,,,,,,,,,,,,,,,,,
If,you,get,your,news,on,TV,you,have,no,clue,of,reality!,neutral,,,,,,,,,,,,,
//,,,,,,,,,,,,,,,,,,,,,,,,,,
How,much,was,she,paid,to,marry,Eric?,Is,she,the,alcoholic?,neutral,,,,,,,,,,,,,,
//,,,,,,,,,,,,,,,,,,,,,,,,,,
Comunicado,oficial,sobre,Venezuela.,neutral,,,,,,,,,,,,,,,,,,,,,,
//,,,,,,,,,,,,,,,,,,,,,,,,,,
How,Trump,Could,Wind,up,Making,Globalism,Great,Again,@backchnnl,negative,,,,,,,,,,,,,,,,
//,,,,,,,,,,,,,,,,,,,,,,,,,,
no,all,the,hate,i,have,is,currently,consumed,by,donald,j,trump,negative,,,,,,,,,,,,,
//,,,,,,,,,,,,,,,,,,,,,,,,,,
Says,the,pathological,liar,negative,,,,,,,,,,,,,,,,,,,,,,
//,,,,,,,,,,,,,,,,,,,,,,,,,,
@SpeakerPelosi,So,you,know,better,than,all,the,people,who,elected,Trump?,This,is,why,you,lose,elections.,,,,,,,,,
//,,,,,,,,,,,,,,,,,,,,,,,,,,
Trump:,I,will,deliver,State,of,the,Union,'when,the,shutdown,is,over',neutral,,,,,,,,,,,,,
//,,,,,,,,,,,,,,,,,,,,,,,,,,
@P_B_Wee,You,could,at,least,get,an,orange,tan,without,going,in,the,sun,I,want,to,be,like,Donald,Trump,oh,my,God,forgive,me.,positive
//,,,,,,,,,,,,,,,,,,,,,,,,,,
@MrsRabbitResist,,neutral,,,,,,,,,,,,,,,,,,,,,,,,
//,,,,,,,,,,,,,,,,,,,,,,,,,,
Thank,God,for,Trump!!,positive,,,,,,,,,,,,,,,,,,,,,,
//,,,,,,,,,,,,,,,,,,,,,,,,,,
"Pay,attention,to,fear,and,not,logic.",This,is,in,#LiberalismIsAMentalDisorder,,,neutral,,,,,,,,,,,,,,,,,,,
//,,,,,,,,,,,,,,,,,,,,,,,,,,
Shorter,|headline:,neutral,,,,,,,,,,,,,,,,,,,,,,,,
//,,,,,,,,,,,,,,,,,,,,,,,,,,
Trump|,caves.,Nancy,wins.,negative,,,,,,,,,,,,,,,,,,,,,,
//,,,,,,,,,,,,,,,,,,,,,,,,,,
@cnnbrk,It's,what,mean,Trump,deserves,anyhow.,negative,,,,,,,,,,,,,,,,,,,
//,,,,,,,,,,,,,,,,,,,,,,,,,,
And,we,are,all,Afraid!,,,,,,,,,,,,,,,,,,,,,,
//,,,,,,,,,,,,,,,,,,,,,,,,,,
State,of,the,Union,saga,concludes,with,Trump,agreeing,to,initial,Pelosi,request,to,delay,@RollCall,neutral,,,,,,,,,,
//,,,,,,,,,,,,,,,,,,,,,,,,,,
|,neutral,,,,,,,,,,,,,,,,,,,,,,,,,
//,,,,,,,,,,,,,,,,,,,,,,,,,,
GET|,RID,OF,HER.,,NOW.,,,,,,,,,,,,,,,,,,,,,
//,,,,,,,,,,,,,,,,,,,,,,,,,,
Because,what,he,does,for,kids,he,will,always,profit,too!,positive,,,,,,,,,,,,,,,
//,,,,,,,,,,,,,,,,,,,,,,,,,,
George,W.,Bush's,former,White,House,Communications,Director,Nicolle,|Wallace:,neutral,,,,,,,,,,,,,,,,
https://t.co/H4urp5kuEl|,neutral,,,,,,,,,,,,,,,,,,,,,,,,,
//,,,,,,,,,,,,,,,,,,,,,,,,,,
@charliekirk11,So,you,think,Democrats,should,shout,liar,at,Trump,during,his,address,??,negative,,,,,,,,,,,,
//,,,,,,,,,,,,,,,,,,,,,,,,,,
#USA,neutral,,,,,,,,,,,,,,,,,,,,,,,,,
//,,,,,,,,,,,,,,,,,,,,,,,,,,
Wrong!,,,,,,,,,,,,,,,,,,,,,,,,,,
//,,,,,,,,,,,,,,,,,,,,,,,,,,
Trump,blinked.,neutral,,,,,,,,,,,,,,,,,,,,,,,,
//,,,,,,,,,,,,,,,,,,,,,,,,,,
Trump,Vows,To,Veto,Any,Pro-Abortion,Bill,That,Makes,It,to,His,Desk,neutral,,,,,,,,,,,,,
//,,,,,,,,,,,,,,,,,,,,,,,,,,
@RHeathervaughn,Trump,doesn't,give,a,|damn,|,29%,support,the,shutdown,for,the,|wall,|,that's,fair,enough.,negative,,,,,,,,
//,,,,,,,,,,,,,,,,,,,,,,,,,,
BREAKING:,Trump,not,accused,of,engineering,a,fascist,coup,in,|Ukraine,|,whilst,Putin,not,accused,of,engineering,a,fascist,coup,in,Venezuela.,negative,,,
//,,,,,,,,,,,,,,,,,,,,,,,,,,
Een,lesje,van,Trump,voor,de,Amerikaanse,MSM,@veren_of_lood,,,,,,,,,,,,,,,,,,
//,,,,,,,,,,,,,,,,,,,,,,,,,,
Noooo...trump,established,that,level,of,low,a,while,back,and,he,reaches,a,new,low,on,an,almost,daily,basis,these,days.,negative,,,,
//,,,,,,,,,,,,,,,,,,,,,,,,,,
the,Devil,lives,in,Donald,Trump,Trump,is,possessed,by,Satan.,negative,,,,,,,,,,,,,,,
//,,,,,,,,,,,,,,,,,,,,,,,,,,
Irak,2,,,,,,,,,,,,,,,,,,,,,,,,,
//,,,,,,,,,,,,,,,,,,,,,,,,,,
Trump,could,recognize,opposition,leader,as,|Venezuelan...,,,,,,,,,,,,,,,,,,,,
|,,,,,,,,,,,,,,,,,,,,,,,,,,
//,,,,,,,,,,,,,,,,,,,,,,,,,,
Oh,STEVE,get,your,facts,straight.,This,is,on,Trump,McConnell,and,GOP,,open,the,govt,neutral,,,,,,,,,
//,,,,,,,,,,,,,,,,,,,,,,,,,,
@washingtonpost,Like,the,coast,|guard,|,|fbi,|,BP,|etc,|,etc.,Yep,your,a,trump,supporter...incompetent,,negative,,,,,,,,
//,,,,,,,,,,,,,,,,,,,,,,,,,,
But,Trump,is,totally,like,a,Russian,asset,or,something.,,negative,,,,,,,,,,,,,,,
//,,,,,,,,,,,,,,,,,,,,,,,,,,
|1-24-19,,,,,,,,,,,,,,,,,,,,,,,,,,
The|,State,of,the,Union,is,officially,postponed.,@HuffPostPol,,,,,,,,,,,,,,,,,,
//,,,,,,,,,,,,,,,,,,,,,,,,,,
Son,|maravillosos,|,los,dos.,,,,,,,,,,,,,,,,,,,,,,
//,,,,,,,,,,,,,,,,,,,,,,,,,,
|,,,,,,,,,,,,,,,,,,,,,,,,,,
#WeAreMADURO|,,,,,,,,,,,,,,,,,,,,,,,,,,
//,,,,,,,,,,,,,,,,,,,,,,,,,,
George,W.,Bush's,former,White,House,Communications,Director,Nicolle,|Wallace:,,,,,,,,,,,,,,,,,
https://t.co/H4urp5kuEl|,,,,,,,,,,,,,,,,,,,,,,,,,,
//,,,,,,,,,,,,,,,,,,,,,,,,,,
@mirandadevine,thank,you,for,proving,that,trump,derangement,syndrome,|exists,|,you're,a,prime,example.,negative,,,,,,,,,,,
//,,,,,,,,,,,,,,,,,,,,,,,,,,
List:,Americans,Killed,By,Illegals,Since,Trump,Took,Office,-,Tea,Party,News,,,,,,,,,,,,,,
//,,,,,,,,,,,,,,,,,,,,,,,,,,
US,shutdown:,Trump,delays,State,of,the,Union,address,,,,,,,,,,,,,,,,,,
//,,,,,,,,,,,,,,,,,,,,,,,,,,
Ummmmm...25th,amendment??????,5150,him!!!!,,,,,,,,,,,,,,,,,,,,,,,
//,,,,,,,,,,,,,,,,,,,,,,,,,,
Trump,crime,family,is,going,to,be,exposed!,This,has,gone,too,far,already,and,he,must,be,impeached!,negative,,,,,,,
//,,,,,,,,,,,,,,,,,,,,,,,,,,
The,unmitigated,failure,of,the,Trump,immigration,policy,resembles,Trump's,failed,businesses.,,This,is,a,disgrace...,negative,,,,,,,,,
//,,,,,,,,,,,,,,,,,,,,,,,,,,
Jari,Tervo,on,Twitter,,,,,,,,,,,,,,,,,,,,,,,
//u9i0,,,,,,,,,,,,,,,,,,,,,,,,,,
,of,Americans,being,deputied,by,Trump,to,bring,in,the,Deep,State,for,treason,against,|America,,,,,,,,,,
https://t.co/iUi33mMRIo|,,,,,,,,,,,,,,,,,,,,,,,,,,
//,,,,,,,,,,,,,,,,,,,,,,,,,,
Lindsey,Graham's,comments,about,Trump,between,2015,&amp;,2018...,,,,,,,,,,,,,,,,,,
//,,,,,,,,,,,,,,,,,,,,,,,,,,
@bbusa617,If,Trump,doesn't,the,Dimms,will,try,to,impeach,him,for,not,doing,it...,,,,,,,,,,,,
//,,,,,,,,,,,,,,,,,,,,,,,,,,
#TrumpResign,negative,,,,,,,,,,,,,,,,,,,,,,,,,
//,,,,,,,,,,,,,,,,,,,,,,,,,,
agrees,to,postpone,State,of,the,https://t.co/OM8EcJk37y,,,,,,,,,,,,,,,,,,,,
//,,,,,,,,,,,,,,,,,,,,,,,,,,
Can,the,convergence,and,@Trevornoah,trump,the,convergence,of,the,GOP,and,|Russia?,,,,,,,,,,,,,,
//,,,,,,,,,,,,,,,,,,,,,,,,,,
Mmmmmm.|,Yeah.,neutral,,,,,,,,,,,,,,,,,,,,,,,,
//,,,,,,,,,,,,,,,,,,,,,,,,,,
Trump-supporting,teen,in,viral,video,says,'I,wish,I'd,walked,away',from,Native,American,-,The,Telegraph,neutral,,,,,,,,,
//,,,,,,,,,,,,,,,,,,,,,,,,,,
Covington,Catholic,High,School:,Native,|American,|,Trump,supporter,vow,to,"work,together",after,viral,video,-,CBS,News,neutral,,,,,,,,
//,,,,,,,,,,,,,,,,,,,,,,,,,,
Not,a,typo.,But,its,questionable,what,the,heck,is,wrong,with,34%,of,the,https://t.co/OO1UhE1PBL,,,,,,,,,,,
//,,,,,,,,,,,,,,,,,,,,,,,,,,
Anyone,but,Maduro.,,,,,,,,,,,,,,,,,,,,,,,,
//,,,,,,,,,,,,,,,,,,,,,,,,,,
welp,,yall,dems,dont,wanna,open,the,government,,,,,,,,,,,,,,,,,,
//,,,,,,,,,,,,,,,,,,,,,,,,,,
IMF:,no-deal,Brexit,and,Chinese,slump,are,biggest,economic,risks,neutral,,,,,,,,,,,,,,,,
//,,,,,,,,,,,,,,,,,,,,,,,,,,
He,could,have,been,scrubbing,toilets,in,Biloxi,and,he,would,have,done,more,than,Trump.,negative,,,,,,,,,,
//,,,,,,,,,,,,,,,,,,,,,,,,,,
Worst,ratio,ever???,neutral,,,,,,,,,,,,,,,,,,,,,,,
//,,,,,,,,,,,,,,,,,,,,,,,,,,
Is,it,because,RBG,is,dead,or,on,life,support?,No,one,has,see.,Her,since,12/26/18.,neutral,,,,,,,,,
//,,,,,,,,,,,,,,,,,,,,,,,,,,
@emrazz,If,we,imagine,that,she,is,not,the,right,|woman,|,she,is,better,than,Trump.,Even,you,and,I,also,better,than,Trump.,negative,
//,,,,,,,,,,,,,,,,,,,,,,,,,,
Whatever,floats,yer,boat,I,|guess......,neutral,,,,,,,,,,,,,,,,,,,,
A|,little,extreme,is,my,view!,,,,,,,,,,,,,,,,,,,,,
//,,,,,,,,,,,,,,,,,,,,,,,,,,
Beautiful,image,of,the,wall,$,as,Donnie's,|binky,|,big,baby,that,he,is.,positive,,,,,,,,,,,
//,,,,,,,,,,,,,,,,,,,,,,,,,,
@POTUS,This,feels,like,President,Trump,is,listening,to,someone,else,and,not,following,his,instincts.,,,,,,,,,,,
//,,,,,,,,,,,,,,,,,,,,,,,,,,
Seth,Meyers:,Cohen,and,Giuliani,Cause,Problems,for,Trump:,A,Closer,Look,@YouTube,neutral,,,,,,,,,,,,,
//,,,,,,,,,,,,,,,,,,,,,,,,,,
it,was,the,height,of,delusion,to,believe,otherwise,negative,,,,,,,,,,,,,,,,,
//,,,,,,,,,,,,,,,,,,,,,,,,,,
The,Shutdown,Is,Trump's,Attempt,To,Stall,The,Courts',17,Investigations,Into,Him,And,His,Family.,,,,,,,,,,,
//,,,,,,,,,,,,,,,,,,,,,,,,,,
Cuando,lo,meten,en,cana,a,este,gordo,nazy?,,,,,,,,,,,,,,,,,,
//,,,,,,,,,,,,,,,,,,,,,,,,,,
When,you,let,illegal,aliens,and,voter,fraud,run,rampant,in,California,you,get,Nancy,Pelosi,,,,,,,,,,,
//,,,,,,,,,,,,,,,,,,,,,,,,,,
Trump,is,breaking,the,economy,negative,,,,,,,,,,,,,,,,,,,,,
//,,,,,,,,,,,,,,,,,,,,,,,,,,
msm=Enemy,of,the,People,!,,,,,,,,,,,,,,,,,,,,,,
//,,,,,,,,,,,,,,,,,,,,,,,,,,
And,|that,|,my,|friends,|,is,why,we,call,her,,Nancy,Smash.,,,,,,,,,,,,,
//,,,,,,,,,,,,,,,,,,,,,,,,,,
@POTUS,|No,|,as,always,President,Trump,knows,what,he's,|doing...,positive,,,,,,,,,,,,,,,
Hold|,the,line.,,,,,,,,,,,,,,,,,,,,,,,,
//,,,,,,,,,,,,,,,,,,,,,,,,,,
@SpeakerPelosi,Oh,PLEASE!,She,wasn't,fighting,for,the,people.,She,was,fighting,against,Trump.,Huge,difference.,positive,,,,,,,,,,
//,,,,,,,,,,,,,,,,,,,,,,,,,,
|Trump,|,|bolsonaro,|,|felipe,|,|casado,|,rivera,vox.,,Que,bonita,i,sensible,la,derechona,populista.,,,,,,,,,
//,,,,,,,,,,,,,,,,,,,,,,,,,,
TRUMP,YOU,SICK,DUCK,negative,,,,,,,,,,,,,,,,,,,,,,
//,,,,,,,,,,,,,,,,,,,,,,,,,,
Ex-Trump,Chief,of,Staff,John,Kelly,Calls,on,President,to,End,Shutdown,@thedailybeast,neutral,,,,,,,,,,,,,
//,,,,,,,,,,,,,,,,,,,,,,,,,,
//,,,,,,,,,,,,,,,,,,,,,,,,,,
//,,,,,,,,,,,,,,,,,,,,,,,,,,
Trump,owned,the,|shutdown,|,then,walked,it,back.,This,is,your,TRUE,@GOP,@realDonaldTrump,,,,,,,,,,,,
//,,,,,,,,,,,,,,,,,,,,,,,,,,
@realDonaldTrump,Sounds,like,trump,neutral,,,,,,,,,,,,,,,,,,,,,,
//,,,,,,,,,,,,,,,,,,,,,,,,,,
Trump,Cites,Misleading,Right-Wing,Story,On,Missing,FBI,Texts,Contradicted,By,His,Officials,||||,https://t.co/Ruwm1xU4vL,negative,,,,,,,,,,,
//,,,,,,,,,,,,,,,,,,,,,,,,,,
I'm,laughing,my,ass,off,at,broke,|Military.,,,,,,,,,,,,,,,,,,,
Great|,job,burning,down,Iraqi,|Libraries.,negative,,,,,,,,,,,,,,,,,,,,
I|,hope,Trump,never,pays,another,Active,Military,again.,negative,,,,,,,,,,,,,,,,,
//,,,,,,,,,,,,,,,,,,,,,,,,,,
//,,,,,,,,,,,,,,,,,,,,,,,,,,
//,,,,,,,,,,,,,,,,,,,,,,,,,,
Prez,Trump,is,just,bringing,out,the,TRUE,evil,in,these,Hollywood,pigs,and,Media,neutral,,,,,,,,,,,
//,,,,,,,,,,,,,,,,,,,,,,,,,,
Reis,durduracak,:-),,,,,,,,,,,,,,,,,,,,,,,,
//,,,,,,,,,,,,,,,,,,,,,,,,,,
Lower,than,"shithole,countries?",Lower,than,a,to,force,Congress,to,do,his,bidding?,,,,,,,,,,,,,,
Just,in,case,you,might,have,|forgotten,|,trump,is,a,Russian,|sellout.,,,,,,,,,,,,,,
,,,,,,,,,,,,,,,,,,,,,,,,,,
https://t.co/xfLrXwbD0j|,,,,,,,,,,,,,,,,,,,,,,,,,,
,,,,,,,,,,,,,,,,,,,,,,,,,,
Hoosier,Dome?,,,,,,,,,,,,,,,,,,,,,,,,,
,,,,,,,,,,,,,,,,,,,,,,,,,,
Shit,post,triggered,again,that,trump,is,winning,,,,,,,,,,,,,,,,,,,
,,,,,,,,,,,,,,,,,,,,,,,,,,
A,Lot,of,People,Want,Bernie,Sanders,to,Run,in,2020,,,,,,,,,,,,,,,,
,,,,,,,,,,,,,,,,,,,,,,,,,,
I,would,..,just,to,get,him,the,hell,out,.,,,,,,,,,,,,,,,,
,,,,,,,,,,,,,,,,,,,,,,,,,,
https://t.co/6sTQVlBnUZ,,,,,,,,,,,,,,,,,,,,,,,,,,
,,,,,,,,,,,,,,,,,,,,,,,,,,
News,docket,is,so,|full,|,Cohen,saying,Trump,is,"threatening,his,family",gets,lost,in,the,shuffle.,,,,,,,,,,,
,,,,,,,,,,,,,,,,,,,,,,,,,,
New,story,on,NPR:,Provoked,By,|Trump,|,The,Religious,Left,Is,Finding,Its,Voice,,,,,,,,,,,,
,,,,,,,,,,,,,,,,,,,,,,,,,,
Hoyer,says,'sure',when,asked,if,Trump,can,deliver,|SOTU,|,despite,Pelosi's,objections,#FoxNews,,,,,,,,,,,,
,,,,,,,,,,,,,,,,,,,,,,,,,,
,,,,,,,,,,,,,,,,,,,,,,,,,,
,,,,,,,,,,,,,,,,,,,,,,,,,,
'Atlantic',Makes,The,Case:,It's,Time,To,Impeach,Trump,,,,,,,,,,,,,,,,,,
,,,,,,,,,,,,,,,,,,,,,,,,,,
Provoked,By,|Trump,|,The,Religious,Left,Is,Finding,Its,Voice,,,,,,,,,,,,,,,,
,,,,,,,,,,,,,,,,,,,,,,,,,,
New,story,on,NPR:,Provoked,By,|Trump,|,The,Religious,Left,Is,Finding,Its,Voice,,,,,,,,,,,,
,,,,,,,,,,,,,,,,,,,,,,,,,,
Trump,|reverses,|,agrees,to,Pelosi's,delay,in,State,of,the,Union,address,@washtimes,,,,,,,,,,,,,
,,,,,,,,,,,,,,,,,,,,,,,,,,
@SenateDems,@SpeakerPelosi,@HillaryClinton,|,,,,,,,,,,,,,,,,,,,,,,,
,,,,,,,,,,,,,,,,,,,,,,,,,,
No|,|words,|,just,read,retweet,,,,,,,,,,,,,,,,,,,,,
,,,,,,,,,,,,,,,,,,,,,,,,,,
New,story,on,NPR:,'The,Atlantic',Makes,The,Case:,It's,Time,To,Impeach,Trump,,,,,,,,,,,,,
,,,,,,,,,,,,,,,,,,,,,,,,,,
Poll:,Shutdown,drags,Trump,approval,to,yearlong,low,||||,KECI,|[Nbcmontana],,,,,,,,,,,,,,,,
https://t.co/ivAKyFa3Yy|,,,,,,,,,,,,,,,,,,,,,,,,,,
,,,,,,,,,,,,,,,,,,,,,,,,,,
Can,Nancy,Pelosi,Really,Stop,Trump,From,Delivering,the,State,of,the,Union?,,,,,,,,,,,,,,
,,,,,,,,,,,,,,,,,,,,,,,,,,
Add,your,name,to,Pledge,#Resistance,and,tell,Trump:,We'll,block,your,pro-polluter,,https://t.co/CpH94N2OY2,,,,,,,,,,,,
,,,,,,,,,,,,,,,,,,,,,,,,,,
Yes.,,And,Witness,Intimidation.,,The,rules,are,plain.,,Trump,&amp;,his,sidekick,have,committed,a,felony.,,,,,,,,
,,,,,,,,,,,,,,,,,,,,,,,,,,
@renato_mariotti,Tiddlywinks,is,more,up,Trump's,alley.,,,,,,,,,,,,,,,,,,,,
,,,,,,,,,,,,,,,,,,,,,,,,,,
Trump,is,doing,good,for,America,to,be,very,great,again.,That,wall,is,a,must,,,,,,,,,,,
,,,,,,,,,,,,,,,,,,,,,,,,,,
New,story,on,NPR:,'Atlantic',Makes,The,Case:,It's,Time,To,Impeach,Trump,,,,,,,,,,,,,,
,,,,,,,,,,,,,,,,,,,,,,,,,,
So,allowing,|discrimination...,,,,,,,,,,,,,,,,,,,,,,,,
This|,is,wrong!,,,,,,,,,,,,,,,,,,,,,,,,
,,,,,,,,,,,,,,,,,,,,,,,,,,
LIBERDADE,para,Venezuela,,,,,,,,,,,,,,,,,,,,,,,,
,,,,,,,,,,,,,,,,,,,,,,,,,,
New,story,on,NPR:,Provoked,By,|Trump,|,The,Religious,Left,Is,Finding,Its,Voice,,,,,,,,,,,,
,,,,,,,,,,,,,,,,,,,,,,,,,,
New,story,on,NPR:,Provoked,By,|Trump,|,The,Religious,Left,Is,Finding,Its,Voice,,,,,,,,,,,,
,,,,,,,,,,,,,,,,,,,,,,,,,,
NPR:,Provoked,By,|Trump,|,The,Religious,Left,Is,Finding,Its,Voice,,,,,,,,,,,,,,,
,,,,,,,,,,,,,,,,,,,,,,,,,,
@davidhogg111,Spoken,like,TRUE,#Maga,reject.,Crawl,back,to,swamp,with,the,rest,of,trump,loving,traitors.,,,,,,,,,,
,,,,,,,,,,,,,,,,,,,,,,,,,,
|,,,,,,,,,,,,,,,,,,,,,,,,,,
#ShutdownTheWall|,|,,,,,,,,,,,,,,,,,,,,,,,,,
#usostupid|,|,,,,,,,,,,,,,,,,,,,,,,,,,
#whinnylittlebitch|,,,,,,,,,,,,,,,,,,,,,,,,,,
,,,,,,,,,,,,,,,,,,,,,,,,,,
,,,,,,,,,,,,,,,,,,,,,,,,,,
,,,,,,,,,,,,,,,,,,,,,,,,,,
|Please,|,let,me,see,|this.,,,,,,,,,,,,,,,,,,,,,
Pretty|,pretty,please,with,cherries,on,top?,,,,,,,,,,,,,,,,,,,,
,,,,,,,,,,,,,,,,,,,,,,,,,,
Sinking,|ship,|,with,her,at,the,helm.,Marxists,won.,Time,to,call,uncle.,,,,,,,,,,,,,
,,,,,,,,,,,,,,,,,,,,,,,,,,
#America.,|,,,,,,,,,,,,,,,,,,,,,,,,,
,,,,,,,,,,,,,,,,,,,,,,,,,,
Praying|,that,our,brightest,days,are,still,ahead,of,|,,,,,,,,,,,,,,,,,
,,,,,,,,,,,,,,,,,,,,,,,,,,
#potus|,#congress,#usa,,,,,,,,,,,,,,,,,,,,,,,,
,,,,,,,,,,,,,,,,,,,,,,,,,,
It's,going,to,be,glorious,to,see,you,in,the,poorhouse,once,these,kids,sue,you.,Whatever,is,left,Trump,will,deal,with.,,,,
,,,,,,,,,,,,,,,,,,,,,,,,,,
Yankees,go,home,,,,,,,,,,,,,,,,,,,,,,,,
,,,,,,,,,,,,,,,,,,,,,,,,,,
Provoked,By,|Trump,|,The,Religious,Left,Is,Finding,Its,Voice,,,,,,,,,,,,,,,,
,,,,,,,,,,,,,,,,,,,,,,,,,,
@SpeakerPelosi,There,is,a,good,chance,that,Trump,doesn't,actually,understand,what,the,word,radicalized,means.,,,,,,,,,,,
,,,,,,,,,,,,,,,,,,,,,,,,,,
'The,Atlantic',Makes,The,Case:,It's,Time,To,Impeach,Trump,,,,,,,,,,,,,,,,,
,,,,,,,,,,,,,,,,,,,,,,,,,,
Looks,like,Maggie,Haberman,is,Democrats',new,press,secretary.,,,,,,,,,,,,,,,,,,
,,,,,,,,,,,,,,,,,,,,,,,,,,
Will,this,be,another,one,of,the,articles,#impeachment,against,Trump?,Stay,toned...,,,,,,,,,,,,,,
,,,,,,,,,,,,,,,,,,,,,,,,,,
It,would,be,nice,if,you,would,just,resign,and,make,it,easy,on,everyone,tRump.,Stupid,Asshole.,,,,,,,,,
,,,,,,,,,,,,,,,,,,,,,,,,,,
https://t.co/dG61DSsJGq,,,,,,,,,,,,,,,,,,,,,,,,,,
,,,,,,,,,,,,,,,,,,,,,,,,,,
I,liked,a,https://t.co/obSKa4y2GW,President,Trump,Now,Says,He'll,Give,State,Of,The,Union,After,Shutdown,Ends,||||,The,11th,,,,,,,
,,,,,,,,,,,,,,,,,,,,,,,,,,
|Yep,|,Duarte,-,a,guy,idolized,by,Donald,J.,|Trump.,,,,,,,,,,,,,,,,
,,,,,,,,,,,,,,,,,,,,,,,,,,
EVIL.|,,,,,,,,,,,,,,,,,,,,,,,,,,
,,,,,,,,,,,,,,,,,,,,,,,,,,
What,is,going,on,in,our,country?,,,,,,,,,,,,,,,,,,,,
,,,,,,,,,,,,,,,,,,,,,,,,,,
,,,,,,,,,,,,,,,,,,,,,,,,,,
,,,,,,,,,,,,,,,,,,,,,,,,,,
Mexico,will,pay,for,the,|wall!,,,,,,,,,,,,,,,,,,,,,
Mexico:|,|No,|,fuck,https://t.co/XqS6XSrGhA,,,,,,,,,,,,,,,,,,,,,,
,,,,,,,,,,,,,,,,,,,,,,,,,,
Working,on,behalf,of,|Russia,|,Trump,shut,down,the,U.S.,government.,And,Republicans,stood,by,and,cheered.,,,,,,,,,
,,,,,,,,,,,,,,,,,,,,,,,,,,
wakes,up,#news,#PresTrump,has,postponed,until,is,lifted,https://t.co/nmV85aFIkL,https://t.co/nmV85aFIkL,,,,,,,,,,,,,,,,
,,,,,,,,,,,,,,,,,,,,,,,,,,
@TuckerCarlson,I,like,,you,Mr.,Formal.,J.,Trump,you,are,a,me,principle,,and,etc..,,,,,,,,,,
,,,,,,,,,,,,,,,,,,,,,,,,,,
Kim,Jong,Un,says,Trump,sent,him,a,'great',letter,,,,,,,,,,,,,,,,,
,,,,,,,,,,,,,,,,,,,,,,,,,,
MSNBC,2:10am,TRUMP,FAILS,TO,PRESSURE,PELOSI,ON,ADDRESS,,,,,,,,,,,,,,,,,,
,,,,,,,,,,,,,,,,,,,,,,,,,,
5,former,DHS,chiefs,urge,|Trump,|,Congress,to,fund,agency,during,shutdown,,,,,,,,,,,,,,
,,,,,,,,,,,,,,,,,,,,,,,,,,
News,Daily:,Trump's,delay,and,UK's,fight,against,superbugs,,,,,,,,,,,,,,,,,,
,,,,,,,,,,,,,,,,,,,,,,,,,,
WATCH,President,Trump,Addresses,Pelosi,Blocking,Him,From,State,of,the,Union,-,Big,League,Politics,,,,,,,,,,,
,,,,,,,,,,,,,,,,,,,,,,,,,,
US,shutdown:,Trump,delays,State,of,the,Union,address,,,,,,,,,,,,,,,,,,
,,,,,,,,,,,,,,,,,,,,,,,,,,
A,Trump,se,sumaron,otros,presidentes,del,continente,,,,,,,,,,,,,,,,,,,
,,,,,,,,,,,,,,,,,,,,,,,,,,
Wow.,,,,,,,,,,,,,,,,,,,,,,,,,,
,,,,,,,,,,,,,,,,,,,,,,,,,,
KKKKKKKKKKKKKKKKKKKKKKKKKKKKKKKKKKK,,,,,,,,,,,,,,,,,,,,,,,,,,
,,,,,,,,,,,,,,,,,,,,,,,,,,
No.,Just,baby,Trump,,,,,,,,,,,,,,,,,,,,,,,
,,,,,,,,,,,,,,,,,,,,,,,,,,
A,lot,|sad,|,but,true.,,With,the,compliments,of,friend,Putin,,,,,,,,,,,,,,
,,,,,,,,,,,,,,,,,,,,,,,,,,
Bingo!,,,,,,,,,,,,,,,,,,,,,,,,,,
,,,,,,,,,,,,,,,,,,,,,,,,,,
Trump,waves,the,white,flag,and,surrenders,to,Nancy,Pelosi,on,State,of,the,Union,,,,,,,,,,,,
,,,,,,,,,,,,,,,,,,,,,,,,,,
More,from,your,average,supporter.,,,,,,,,,,,,,,,,,,,,,,
,,,,,,,,,,,,,,,,,,,,,,,,,,
Sending,you,his,book,,,,,,,,,,,,,,,,,,,,,,,
,,,,,,,,,,,,,,,,,,,,,,,,,,
Rolitranco,de,mamaguebo.,,,,,,,,,,,,,,,,,,,,,,,,
,,,,,,,,,,,,,,,,,,,,,,,,,,
A,great,thread,to,read.,,,,,,,,,,,,,,,,,,,,,,
,,,,,,,,,,,,,,,,,,,,,,,,,,
Schadenfreude:,A,woman,is,finally,beating,Trump.,Pelosi,rocks!,,,,,,,,,,,,,,,,,,
,,,,,,,,,,,,,,,,,,,,,,,,,,
I,liked,a,https://t.co/Ob8r4jvUXp,Trump,names,new,Venezuelan,|President,|,chaos,ensues,,,,,,,,,,,,,,,
,,,,,,,,,,,,,,,,,,,,,,,,,,
I,liked,a,https://t.co/R5SHib42T0,POLITICO:,Trump,WH,Aide,Bemoans,Dealing,With,Rudy,Giuliani's,'F---,Ups',||||,The,11th,,,,,,,,,
,,,,,,,,,,,,,,,,,,,,,,,,,,
repeat,anything,3,times..they'll,believe,"it""...-----D.Trump.",,,,,,,,,,,,,,,,,,,,,
,,,,,,,,,,,,,,,,,,,,,,,,,,
Polls,Show,Trump,Is,Bleeding,Support,During,Shutdown,-,The,Daily,Beast,,,,,,,,,,,,,,,
,,,,,,,,,,,,,,,,,,,,,,,,,,
|Xi,|,|Trump,|,Putin:,2018,was,the,year,strongmen,leaders,around,the,|world,|,Robert,Kagan,writes.,,,,,,,,,
,,,,,,,,,,,,,,,,,,,,,,,,,,
@nytimes,How,bummed,are,you,folks,going,to,be,when,the,shutdown,ends,without,Trump,getting,his,demands,from,his,temper,tantrum?,,,,,
,,,,,,,,,,,,,,,,,,,,,,,,,,
Trump,is,trapped,and,Pelosi,refuses,to,help,-,CNN,,,,,,,,,,,,,,,,,
,,,,,,,,,,,,,,,,,,,,,,,,,,
,,,,,,,,,,,,,,,,,,,,,,,,,,
,,,,,,,,,,,,,,,,,,,,,,,,,,
wong!,wwong!,so,vewy,vewy,wwong.,,,,,,,,,,,,,,,,,,,,,
,,,,,,,,,,,,,,,,,,,,,,,,,,
Esto,es,una,estupidez.,,,,,,,,,,,,,,,,,,,,,,,
,,,,,,,,,,,,,,,,,,,,,,,,,,
BREAKING,NEWS:,Fake,Trump,Cartoons!,||||,A,D.C.,Douglas,Series,#SmartNews,,,,,,,,,,,,,,,,
,,,,,,,,,,,,,,,,,,,,,,,,,,
|,,,,,,,,,,,,,,,,,,,,,,,,,,
,,,,,,,,,,,,,,,,,,,,,,,,,,
We|,would,all,like,you,to,answer!,,,,,,,,,,,,,,,,,,,,
,,,,,,,,,,,,,,,,,,,,,,,,,,
@realDonaldTrump,American,wall,not,Trump,wall.,Protecting,Americans.,Safety,!,,,,,,,,,,,,,,,,,
,,,,,,,,,,,,,,,,,,,,,,,,,,
She,is,the,Trump,of,the,Democrat,party.,,,,,,,,,,,,,,,,,,,
,,,,,,,,,,,,,,,,,,,,,,,,,,
Of,which,she,knows,|nothing,|,no,doubt.,,,,,,,,,,,,,,,,,,,
,,,,,,,,,,,,,,,,,,,,,,,,,,
PS.,,Thump,Trump!,,,,,,,,,,,,,,,,,,,,,,,
,,,,,,,,,,,,,,,,,,,,,,,,,,
,,,,,,,,,,,,,,,,,,,,,,,,,,
,,,,,,,,,,,,,,,,,,,,,,,,,,
This,account,was,owned,by,a,brutally,lying,Trump,hater,who,believes,CNN,bullsh*t,,,,,,,,,,,,,
,,,,,,,,,,,,,,,,,,,,,,,,,,
Solo,un,esempio,del,clima,dominante,qui,da,noi:,liberal,italiani,che,si,fanno,dettare,la,linea,da,Trump,e,Bolsonaro,,,,,,
,,,,,,,,,,,,,,,,,,,,,,,,,,
Fuck,you,trump,,,,,,,,,,,,,,,,,,,,,,,,
,,,,,,,,,,,,,,,,,,,,,,,,,,
Nancy,Pelosi,Completely,CRUSHES,Trump's,effort,to,give,his,State,of,the,Union,speech,in,the,House,,,,,,,,,,
,,,,,,,,,,,,,,,,,,,,,,,,,,
Kellyanne,Conway's,Husband,Calls,President,Trump,a,'Pathological,Liar',in,Scathing,Tweet,,,,,,,,,,,,,,,
,,,,,,,,,,,,,,,,,,,,,,,,,,
donald,trump,X3,,,,,,,,,,,,,,,,,,,,,,,,
,,,,,,,,,,,,,,,,,,,,,,,,,,
,,,,,,,,,,,,,,,,,,,,,,,,,,
,,,,,,,,,,,,,,,,,,,,,,,,,,
@realDonaldTrump,Trump,literally,said,it,was,his.,On,camera.,You,can,google,it,right,now.,,,,,,,,,,,,
,,,,,,,,,,,,,,,,,,,,,,,,,,
Hmm.,I,haven't,heard,of,ONE.,positive,,,,,,,,,,,,,,,,,,,,
,,,,,,,,,,,,,,,,,,,,,,,,,,
Trump,will,bomb,the,shit,out,them,if,they,do.,,,,,,,,,,,,,,,,,
,,,,,,,,,,,,,,,,,,,,,,,,,,
Stop,the,shut,down!,Build,the,Trump,wall,!!,,,,,,,,,,,,,,,,,,
,,,,,,,,,,,,,,,,,,,,,,,,,,
Is,it,me,or,did,trump,say,that,,cancelling,the,sotu,os,a,blotch,on,america?,,Whats,a,blotch?,,,,,,
,,,,,,,,,,,,,,,,,,,,,,,,,,
|Nah,|,we,got,King,|Leopold,|,King,|James,|,and,a,lot,of,other,European,leaders,worse,than,Trump,positive,,,,,,
,,,,,,,,,,,,,,,,,,,,,,,,,,
China,isn't,doing,very,well,as,an,|economy,|,very,much,wants,to,make,trade,deal,with,US:,Donald,Trump,positive,,,,,,
,,,,,,,,,,,,,,,,,,,,,,,,,,
@realDonaldTrump,|Yes,|,history,will,not,judge,Trump,or,the,complicit,GOP,|well,|,I,guess,you're,just,following,orders.,positive,,,,,,
,,,,,,,,,,,,,,,,,,,,,,,,,,
@spectatorindex,Trump,in,#MAGA,which,make,him,believe,in,winning,only,positive,,,,,,,,,,,,,,,
,,,,,,,,,,,,,,,,,,,,,,,,,,
The,Government,Now,Owes,Furloughed,Workers,$6,|Billion,|,More,Than,the,Price,of,Trump's,'Wall',@Splinter_news,,,,,,,,,,
